timestamp_utc,straits_as_of,verdict_status,verdict_short,crisis_pressure,crisis_band,escalation_probability,escalation_band,transits_count,transits_baseline,throughput_pct,transits_as_of_date,daily_tanker_count,daily_cargo_count,daily_container_count,ais_concurrent_in_zone,stranded,ais_gaps_count,ais_gaps_baseline_7d,ais_gaps_vessels_tracked,darkening_ratio,darkening_alert,vessel_risk_high,vessel_risk_moderate,vessel_risk_low,brent,wti
2026-07-10T11:30:43.681720+00:00,2026-07-10T11:29:05.547Z,closed,No,89,extreme,61,high,34,88,39,2026-07-05,17,17,8,89,411,17,16,4794,1.06,normal,26,27,960,76.57,72.32
2026-07-10T11:34:51.489403+00:00,2026-07-10T11:33:05.839Z,closed,No,89,extreme,61,high,34,88,39,2026-07-05,17,17,8,89,411,17,16,4794,1.06,normal,26,27,960,76.69,72.37
2026-07-10T11:39:51.799961+00:00,2026-07-10T11:37:05.419Z,closed,No,89,extreme,61,high,34,88,39,2026-07-05,17,17,8,89,411,18,16,4795,1.12,normal,26,29,961,76.69,72.37
2026-07-10T11:44:52.061795+00:00,2026-07-10T11:41:06.562Z,closed,No,89,extreme,61,high,34,88,39,2026-07-05,17,17,8,89,411,18,16,4795,1.12,normal,26,29,961,76.69,72.37
2026-07-10T11:49:52.380220+00:00,2026-07-10T11:49:06.340Z,closed,No,89,extreme,61,high,34,88,39,2026-07-05,17,17,8,80,420,18,16,4795,1.12,normal,26,29,961,76.9,72.52
2026-07-10T11:54:52.628922+00:00,2026-07-10T11:53:06.381Z,closed,No,89,extreme,61,high,34,88,39,2026-07-05,17,17,8,80,420,18,16,4795,1.12,normal,26,29,961,76.9,72.52
2026-07-10T11:59:52.869588+00:00,2026-07-10T11:57:05.418Z,closed,No,89,extreme,61,high,34,88,39,2026-07-05,17,17,8,80,420,18,16,4795,1.12,normal,26,29,961,76.87,72.5
2026-07-10T12:04:53.301321+00:00,2026-07-10T12:01:05.352Z,closed,No,89,extreme,61,high,34,88,39,2026-07-05,17,17,8,80,420,18,16,4795,1.12,normal,26,29,961,76.87,72.5
2026-07-10T12:09:53.582489+00:00,2026-07-10T12:09:05.386Z,closed,No,89,extreme,61,high,34,88,39,2026-07-05,17,17,8,80,420,19,16,4795,1.19,normal,27,29,946,76.87,72.5
2026-07-10T12:14:53.798430+00:00,2026-07-10T12:13:05.323Z,closed,No,89,extreme,61,high,34,88,39,2026-07-05,17,17,8,80,420,19,16,4795,1.19,normal,27,29,946,76.87,72.5
2026-07-10T12:29:54.709787+00:00,2026-07-10T12:29:06.488Z,closed,No,89,extreme,61,high,34,88,39,2026-07-05,17,17,8,95,405,19,16,4795,1.19,normal,27,29,946,76.21,71.86
2026-07-10T12:34:54.925902+00:00,2026-07-10T12:33:05.996Z,closed,No,89,extreme,61,high,34,88,39,2026-07-05,17,17,8,95,405,19,16,4795,1.19,normal,27,29,946,76.21,71.86
2026-07-10T12:39:55.218086+00:00,2026-07-10T12:37:05.323Z,closed,No,89,extreme,61,high,34,88,39,2026-07-05,17,17,8,95,405,19,16.1,4795,1.18,normal,28,28,940,76.5,72.13
2026-07-10T12:44:55.466089+00:00,2026-07-10T12:41:06.331Z,closed,No,89,extreme,61,high,34,88,39,2026-07-05,17,17,8,73,427,19,16.1,4795,1.18,normal,28,28,940,76.5,72.13
2026-07-10T12:49:55.767027+00:00,2026-07-10T12:49:05.348Z,closed,No,89,extreme,61,high,34,88,39,2026-07-05,17,17,8,73,427,19,16.1,4795,1.18,normal,28,28,940,76.65,72.25
2026-07-10T12:54:56.008694+00:00,2026-07-10T12:53:06.959Z,closed,No,89,extreme,61,high,34,88,39,2026-07-05,17,17,8,73,427,19,16.1,4795,1.18,normal,28,28,940,76.65,72.25
2026-07-10T12:59:56.266265+00:00,2026-07-10T12:57:05.787Z,closed,No,89,extreme,61,high,34,88,39,2026-07-05,17,17,8,73,427,19,16.1,4795,1.18,normal,28,28,940,76.59,72.15
2026-07-10T13:04:56.602419+00:00,2026-07-10T13:01:05.902Z,closed,No,89,extreme,61,high,34,88,39,2026-07-05,17,17,8,82,418,19,16.1,4795,1.18,normal,28,28,940,76.59,72.15
2026-07-10T13:09:56.902443+00:00,2026-07-10T13:09:06.511Z,closed,No,89,extreme,61,high,34,88,39,2026-07-05,17,17,8,82,418,18,16.1,4797,1.12,normal,28,27,930,76.49,72.09
2026-07-10T13:14:57.208280+00:00,2026-07-10T13:13:07.106Z,closed,No,89,extreme,61,high,34,88,39,2026-07-05,17,17,8,82,418,18,16.1,4797,1.12,normal,28,27,930,76.49,72.09
2026-07-10T13:19:57.427291+00:00,2026-07-10T13:17:05.638Z,closed,No,89,extreme,61,high,34,88,39,2026-07-05,17,17,8,95,405,18,16.1,4797,1.12,normal,28,27,930,76.41,72.05
2026-07-10T13:24:57.999273+00:00,2026-07-10T13:21:07.079Z,closed,No,89,extreme,61,high,34,88,39,2026-07-05,17,17,8,95,405,18,16.1,4797,1.12,normal,28,27,930,76.41,72.05
2026-07-10T13:29:58.325725+00:00,2026-07-10T13:29:46.126Z,closed,No,89,extreme,61,high,34,88,39,2026-07-05,17,17,8,95,405,18,16.1,4797,1.12,normal,28,27,930,76.42,72.08
2026-07-10T13:34:58.764930+00:00,2026-07-10T13:33:05.271Z,closed,No,89,extreme,61,high,34,88,39,2026-07-05,17,17,8,105,395,18,16.1,4797,1.12,normal,28,27,930,76.42,72.08
2026-07-10T13:39:59.026317+00:00,2026-07-10T13:37:06.044Z,closed,No,89,extreme,61,high,34,88,39,2026-07-05,17,17,8,105,395,19,16.1,4797,1.18,normal,28,28,936,76.42,72.08
2026-07-10T13:44:59.342620+00:00,2026-07-10T13:41:06.497Z,closed,No,89,extreme,61,high,34,88,39,2026-07-05,17,17,8,105,395,19,16.1,4797,1.18,normal,28,28,936,76.47,72.09
2026-07-10T13:49:59.743774+00:00,2026-07-10T13:49:06.179Z,closed,No,89,extreme,61,high,34,88,39,2026-07-05,17,17,8,105,395,19,16.1,4797,1.18,normal,28,28,936,76.4,71.96
2026-07-10T13:55:00.049082+00:00,2026-07-10T13:53:07.401Z,closed,No,89,extreme,61,high,34,88,39,2026-07-05,17,17,8,120,380,19,16.1,4797,1.18,normal,28,28,936,76.4,71.96
2026-07-10T14:00:00.476369+00:00,2026-07-10T13:57:06.501Z,closed,No,88,extreme,61,high,34,88,39,2026-07-05,17,17,8,120,380,19,16.1,4797,1.18,normal,28,28,936,76.4,71.96
2026-07-10T14:05:00.821286+00:00,2026-07-10T14:01:05.630Z,closed,No,88,extreme,61,high,34,88,39,2026-07-05,17,17,8,120,380,19,16.1,4797,1.18,normal,28,28,936,76.18,71.74
2026-07-10T14:10:01.199888+00:00,2026-07-10T14:09:14.970Z,closed,No,88,extreme,61,high,34,88,39,2026-07-05,17,17,8,125,375,18,16.1,4799,1.12,normal,28,28,932,76.01,71.6
2026-07-10T14:15:01.556567+00:00,2026-07-10T14:13:10.577Z,closed,No,88,extreme,61,high,34,88,39,2026-07-05,17,17,8,125,375,18,16.1,4799,1.12,normal,28,28,932,76.01,71.6
2026-07-10T14:20:01.826538+00:00,2026-07-10T14:17:07.199Z,closed,No,88,extreme,61,high,34,88,39,2026-07-05,17,17,8,125,375,18,16.1,4799,1.12,normal,28,28,932,76.01,71.6
2026-07-10T14:25:02.264175+00:00,2026-07-10T14:21:07.193Z,closed,No,88,extreme,61,high,34,88,39,2026-07-05,17,17,8,125,375,18,16.1,4799,1.12,normal,28,28,932,76.12,71.69
2026-07-10T14:30:02.649944+00:00,2026-07-10T14:29:06.505Z,closed,No,88,extreme,61,high,34,88,39,2026-07-05,17,17,8,132,368,18,16.1,4799,1.12,normal,28,28,932,76.18,71.75
2026-07-10T14:35:02.913891+00:00,2026-07-10T14:33:18.773Z,closed,No,88,extreme,61,high,34,88,39,2026-07-05,17,17,8,132,368,18,16.1,4799,1.12,normal,28,28,932,76.18,71.75
2026-07-10T14:40:03.440452+00:00,2026-07-10T14:37:17.795Z,closed,No,88,extreme,61,high,34,88,39,2026-07-05,17,17,8,132,368,18,16.2,4801,1.11,normal,28,27,939,76.18,71.75
2026-07-10T14:45:03.969735+00:00,2026-07-10T14:41:06.183Z,closed,No,88,extreme,61,high,34,88,39,2026-07-05,17,17,8,131,369,18,16.2,4801,1.11,normal,28,27,939,76.2,71.77
2026-07-10T14:50:04.207168+00:00,2026-07-10T14:49:05.868Z,closed,No,88,extreme,61,high,34,88,39,2026-07-05,17,17,8,131,369,18,16.2,4801,1.11,normal,28,27,939,76.4,71.92
2026-07-10T14:55:04.611751+00:00,2026-07-10T14:53:05.887Z,closed,No,88,extreme,61,high,34,88,39,2026-07-05,17,17,8,131,369,18,16.2,4801,1.11,normal,28,27,939,76.4,71.92
2026-07-10T15:00:04.879000+00:00,2026-07-10T14:57:06.609Z,closed,No,88,extreme,61,high,34,88,39,2026-07-05,17,17,8,135,365,18,16.2,4801,1.11,normal,28,27,939,76.4,71.92
2026-07-10T15:05:05.133038+00:00,2026-07-10T15:01:15.385Z,closed,No,88,extreme,61,high,34,88,39,2026-07-05,17,17,8,135,365,18,16.2,4801,1.11,normal,28,27,939,76.33,71.83
2026-07-10T15:10:05.429746+00:00,2026-07-10T15:09:18.256Z,closed,No,88,extreme,61,high,34,88,39,2026-07-05,17,17,8,135,365,16,16.2,4802,0.99,normal,28,26,933,76.33,71.83
2026-07-10T15:15:05.646865+00:00,2026-07-10T15:13:15.319Z,closed,No,88,extreme,61,high,34,88,39,2026-07-05,17,17,8,133,367,16,16.2,4802,0.99,normal,28,26,933,76.39,71.89
2026-07-10T15:20:05.927540+00:00,2026-07-10T15:17:14.798Z,closed,No,88,extreme,61,high,34,88,39,2026-07-05,17,17,8,133,367,16,16.2,4802,0.99,normal,28,26,933,76.39,71.89
2026-07-10T15:25:06.632269+00:00,2026-07-10T15:21:09.121Z,closed,No,88,extreme,61,high,34,88,39,2026-07-05,17,17,8,133,367,16,16.2,4802,0.99,normal,28,26,933,76.01,71.54
2026-07-10T15:30:07.073260+00:00,2026-07-10T15:29:19.439Z,closed,No,88,extreme,61,high,34,88,39,2026-07-05,17,17,8,133,367,16,16.2,4802,0.99,normal,28,26,933,76.01,71.54
2026-07-10T15:35:07.333698+00:00,2026-07-10T15:33:14.902Z,closed,No,88,extreme,61,high,34,88,39,2026-07-05,17,17,8,133,367,16,16.2,4802,0.99,normal,28,26,933,75.86,71.37
2026-07-10T15:40:08.198949+00:00,2026-07-10T15:37:09.353Z,closed,No,88,extreme,61,high,34,88,39,2026-07-05,17,17,8,133,367,16,16.2,4805,0.99,normal,31,26,948,75.86,71.37
2026-07-10T15:45:08.434186+00:00,2026-07-10T15:41:13.029Z,closed,No,88,extreme,61,high,34,88,39,2026-07-05,17,17,8,133,367,16,16.2,4805,0.99,normal,31,26,948,75.79,71.3
2026-07-10T15:50:08.681171+00:00,2026-07-10T15:49:15.082Z,closed,No,88,extreme,61,high,34,88,39,2026-07-05,17,17,8,131,369,16,16.2,4805,0.99,normal,31,26,948,75.79,71.3
2026-07-10T15:55:08.928351+00:00,2026-07-10T15:53:21.156Z,closed,No,88,extreme,61,high,34,88,39,2026-07-05,17,17,8,131,369,16,16.2,4805,0.99,normal,31,26,948,75.66,71.23
2026-07-10T16:00:09.212060+00:00,2026-07-10T15:57:13.800Z,closed,No,88,extreme,61,high,34,88,39,2026-07-05,17,17,8,131,369,16,16.2,4805,0.99,normal,31,26,948,75.66,71.23
2026-07-10T16:05:09.456806+00:00,2026-07-10T16:01:13.162Z,closed,No,88,extreme,61,high,34,88,39,2026-07-05,17,17,8,137,363,16,16.2,4805,0.99,normal,31,26,948,75.54,71.07
2026-07-10T16:10:09.694416+00:00,2026-07-10T16:09:16.375Z,closed,No,88,extreme,61,high,34,88,39,2026-07-05,17,17,8,137,363,15,16.2,4809,0.93,normal,30,25,960,75.54,71.07
2026-07-10T16:15:10.207211+00:00,2026-07-10T16:13:18.072Z,closed,No,88,extreme,61,high,34,88,39,2026-07-05,17,17,8,137,363,15,16.2,4809,0.93,normal,30,25,960,75.59,71.07
2026-07-10T16:20:10.547890+00:00,2026-07-10T16:17:14.827Z,closed,No,88,extreme,61,high,34,88,39,2026-07-05,17,17,8,129,371,15,16.2,4809,0.93,normal,30,25,960,75.59,71.07
2026-07-10T16:25:10.739999+00:00,2026-07-10T16:21:15.320Z,closed,No,88,extreme,61,high,34,88,39,2026-07-05,17,17,8,129,371,15,16.2,4809,0.93,normal,30,25,960,75.68,71.21
2026-07-11T03:59:55.403778+00:00,2026-07-11T03:57:15.049Z,closed,No,87,extreme,61,high,34,88,39,2026-07-05,17,17,8,117,383,16,16.3,4836,0.98,normal,30,25,1003,76,71.51
2026-07-11T04:04:55.946620+00:00,2026-07-11T04:01:28.221Z,closed,No,87,extreme,61,high,34,88,39,2026-07-05,17,17,8,108,392,16,16.3,4836,0.98,normal,30,25,1003,76,71.51
2026-07-11T04:09:56.180738+00:00,2026-07-11T04:09:25.642Z,closed,No,87,extreme,61,high,34,88,39,2026-07-05,17,17,8,108,392,16,16.3,4840,0.98,normal,30,25,1003,76,71.51
2026-07-11T04:17:39.024324+00:00,2026-07-11T04:17:11.638Z,closed,No,87,extreme,61,high,34,88,39,2026-07-05,17,17,8,110,390,16,16.3,4840,0.98,normal,30,25,1011,76,71.51
